loginName,name,ipAddress,group
paulinewilli3jwms,Pauline Williamson DVM,224.197.247.152,admin
cliftonankun3nh6o,Clifton Ankunding,6.191.32.247,user
douglaslangzzdrv,Douglas Lang,112.203.18.152,audit
rooseveltdic5fzyb,Roosevelt Dickens,45.27.81.255,admin
bethkossidmp3,Beth Koss,45.153.177.244,audit
drdawngottli3aaw6,Dr. Dawn Gottlieb,247.162.157.149,audit
spencerboehm5jpe3,Spencer Boehm,194.228.139.231,audit
saulhageneso2trq,Saul Hagenes,114.84.234.203,user
eduardozbonc4a6yp,Eduardo Zboncak,43.181.8.119,user
stevebergstrlsj2h,Steve Bergstrom,152.240.77.177,audit
drtheodorehe0mawo,Dr. Theodore Hessel III,224.156.53.0,admin
ismaeldaughe0y4wf,Ismael Daugherty,71.90.24.252,user
kirkgoyettes7ofh9,Kirk Goyette Sr.,231.73.150.90,admin
paulettewill6h4zv,Paulette Willms-Hodkiewicz,201.14.223.90,audit
marshallkass9tpnr,Marshall Kassulke I,64.2.198.82,audit
kaylanaderrqx10,Kayla Nader,109.160.64.127,user
darinkassulkrho21,Darin Kassulke,178.100.99.99,user
drgeneviever25dr3,Dr. Genevieve Rice,250.40.74.178,admin
jackgradyh4x8c,Jack Grady,161.193.140.232,user
missdanazbon2o91i,Miss Dana Zboncak,84.93.86.30,user
drbrianmills19b3h,Dr. Brian Mills,97.3.97.50,user
gingerskilesru5jm,Ginger Skiles,89.121.233.242,audit
guysauerdvmh7lsa,Guy Sauer DVM,232.247.98.118,admin
miriamhoegerc0dmp,Miriam Hoeger,160.0.233.224,audit
marjorieadama3q41,Marjorie Adams,208.125.224.43,admin
ramirorobelq8ud0,Ramiro Robel,35.130.31.118,admin
ericastarkltipb,Erica Stark,8.243.41.166,admin
edwinvandervtb31o,Edwin Vandervort,217.249.143.132,admin
naomiwizaxmrwa,Naomi Wiza,160.65.78.0,audit
gaylefayx99p1,Gayle Fay,26.21.32.166,user
mrshannonbea9binj,Mr. Shannon Beahan,207.40.12.243,admin
lauriebednarja9ip,Laurie Bednar,26.132.113.141,audit
mrivanstarkhy0h8,Mr. Ivan Stark,234.138.137.153,user
georgiahamilxrtnx,Georgia Hamill,205.67.61.4,admin
terrymaggiops9fnc,Terry Maggio PhD,123.58.134.155,audit
mrrooseveltr9l6ss,Mr. Roosevelt Roob,69.32.67.230,user
kellilowe4s9ef,Kelli Lowe,190.19.122.171,admin
debbiestracknz7vr,Debbie Stracke,102.165.101.73,user
johnhilllk89ce,John Hilll,193.182.142.154,audit
rosemariehanca7d0,Rosemarie Hane,240.150.111.173,admin
martaconnellwzrq8,Marta Connelly,74.182.35.253,audit
mrsjenniefar1gxp1,Mrs. Jennie Farrell,151.9.243.61,audit
adrianhillstcvir,Adrian Hills,107.140.61.228,audit
allanglover4wdsm,Allan Glover,79.117.68.177,audit
juanitaabbotxgmz3,Juanita Abbott,28.73.172.110,admin
erikwintheissa1gr,Erik Wintheiser,221.112.66.96,user
alvinmosciskzubux,Alvin Mosciski DVM,48.39.36.14,user
patricialaki4goro,Patricia Lakin IV,220.202.165.176,audit
ryanyundtgtqay,Ryan Yundt,124.250.224.18,admin
ramonajohnsoricj9,Ramona Johnson,14.236.107.160,admin
wallacehodki0h2v8,Wallace Hodkiewicz,81.96.255.29,audit
rosemarytranv5psv,Rosemary Trantow,234.151.218.40,audit
darylondrickpoxvj,Daryl Ondricka,37.236.83.151,admin
kirksauerwnvx2,Kirk Sauer,171.146.23.247,audit
hopeswaniawsnavr7,Hope Swaniawski,126.220.220.204,audit
brentsimonis4b2eq,Brent Simonis,186.218.204.20,audit
lorenamuller8e8er,Lorena Muller,51.152.156.62,user
felipeokeefeobgoe,Felipe O'Keefe,48.18.137.227,admin
drjorgewilki500vz,Dr. Jorge Wilkinson,119.175.99.134,audit
darrelwilder3dlvb,Darrel Wilderman,70.143.190.216,admin
maryannmetz8jckx,Maryann Metz,236.102.144.226,admin
franciscoankpu5wn,Francisco Ankunding,7.217.230.175,user
hermanbayer642r9,Herman Bayer,209.49.104.195,user
violetrunolfoe0fy,Violet Runolfsdottir,126.196.164.240,admin
jesusflatleyqvemv,Jesus Flatley,134.157.97.131,user
rickeyfeilcv5kk,Rickey Feil,7.92.78.10,audit
randolphking6ybjm,Randolph King,178.1.215.170,audit
maxinenaderjul8t,Maxine Nader,58.49.47.196,user
morrismacgyv3twvw,Morris MacGyver,104.128.143.71,audit
catherinerod5j2k3,Catherine Rodriguez,122.178.140.86,audit
donnakozeyh67nl,Donna Kozey,57.52.119.11,audit
hughritchieojpnm,Hugh Ritchie,163.243.14.188,admin
dorajohnstonkze9n,Dora Johnston,159.188.203.95,admin
tobyaueru61r9,Toby Auer,135.152.110.233,admin
catherineschcl15s,Catherine Schiller,137.195.188.207,user
perrycummeramgm2b,Perry Cummerata PhD,180.46.108.175,admin
altonauerze3qt,Alton Auer,72.57.20.62,admin
toddosinskibxk8w,Todd Osinski,106.143.138.253,user
drcarypollicfe2vq,Dr. Cary Pollich II,203.33.186.55,audit
naomihansenk9y6s,Naomi Hansen,9.244.39.26,user
lelamillervmyrj,Lela Miller,186.230.109.203,admin
drsidneyluetrvwgh,Dr. Sidney Luettgen,165.195.118.107,audit
cristinaernswb8tn,Cristina Ernser,141.65.126.63,audit
timmyreicherkx8n5,Timmy Reichert IV,127.171.35.240,audit
nicolelebsacijrda,Nicole Lebsack,161.249.212.20,audit
joanncollieryrxxr,Joann Collier,129.111.135.62,audit
robertobeer81nm7,Roberto Beer,156.155.43.226,user
jerryhowel4w8x,Jerry Howe,212.137.16.71,admin
angelmarvin45uh9,Angel Marvin,109.143.196.248,admin
byronyundt7ma4d,Byron Yundt,246.87.181.213,audit
oliverframikxulka,Oliver Frami-Kerluke,2.136.244.183,user
drtashahicklond6c,Dr. Tasha Hickle,15.144.240.22,audit
judykris96o7m,Judy Kris,57.27.45.236,admin
loreneframix19ix,Lorene Frami,235.213.102.58,admin
simonschinneaa5ri,Simon Schinner,21.244.164.165,audit
franceshicklky8g4,Frances Hickle,96.177.234.31,admin
devinmurphypwk04,Devin Murphy,132.35.54.173,admin
delbertaufdeisp7o,Delbert Aufderhar,176.245.223.46,admin
saraschneide4xjh3,Sara Schneider,126.37.42.46,admin
deborahcolejsf07n,Deborah Cole Jr.,62.238.238.160,admin